{"cameraMode":{"drawMode":0,"name":"Shaded","section":"Shading Mode"},"sceneLighting":false,"audioPlay":false,"sceneViewState":{"m_AlwaysRefresh":true,"showFog":true,"showSkybox":false,"showFlares":true,"showImageEffects":true,"showParticleSystems":true,"showVisualEffectGraphs":true,"m_FxEnabled":false},"in2DMode":false,"pivot":{"x":329.06658935546877,"y":0.7010470628738403,"z":-179.29823303222657},"rotation":{"x":-0.08558134734630585,"y":-0.19097836315631867,"z":0.016716741025447847,"w":-0.9777137637138367},"size":2.8352668285369875,"orthographic":false}